<?xml version="1.0"?>
<!--<!DOCTYPE metadata SYSTEM "http://www.esri.com/metadata/esriprof80.dtd">-->
<metadata xml:lang="en"><Esri><CreaDate>20051209</CreaDate><CreaTime>13411900</CreaTime><SyncOnce>FALSE</SyncOnce><MetaID>{357F2C85-3A60-49D9-ADF6-3D91036810F7}</MetaID><SyncDate>20071002</SyncDate><SyncTime>14131500</SyncTime><ModDate>20071002</ModDate><ModTime>14131500</ModTime><DataProperties><lineage><Process Name="Clip_7" ToolSource="C:\Program Files\ArcGIS\ArcToolbox\Toolboxes\Analysis Tools.tbx\Clip" Date="20070921" Time="125210">Clip Villages_New albania_gk1 C:\Data\GIS\Albania\Tourism\shapefiles\villages.shp #</Process><Process ToolSource="C:\Program Files\ArcGIS\ArcToolbox\Toolboxes\Data Management Tools.tbx\CopyFeatures" Date="20070921" Time="160438">CopyFeatures C:\Data\GIS\Albania\Tourism\shapefiles\Villages.shp C:\Data\GIS\Albania\Albania.mdb\Villages # 0 0 0</Process><Process ToolSource="C:\Program Files\ArcGIS\ArcToolbox\Toolboxes\Data Management Tools.tbx\CopyFeatures" Date="20071002" Time="141317">CopyFeatures C:\Data\GIS\Albania\geodb\Albania.mdb\Villages C:\Data\GIS\Albania\shapefiles\Villages.shp # 0 0 0</Process></lineage></DataProperties><Sync>FALSE</Sync></Esri><idinfo><citation><citeinfo><onlink Sync="TRUE">\\T30\C$\Data\GIS\Albania\shapefiles\Villages.shp</onlink><origin>REQUIRED: The name of an organization or individual that developed the data set.</origin><pubdate>REQUIRED: The date when the data set is published or otherwise made available for release.</pubdate><title Sync="TRUE">Villages</title><ftname Sync="TRUE">Villages</ftname><geoform Sync="TRUE">vector digital data</geoform></citeinfo></citation><native Sync="TRUE">Microsoft Windows XP Version 5.1 (Build 2600) Service Pack 2; ESRI ArcCatalog 9.1.0.722</native><descript><langdata Sync="TRUE">en</langdata><abstract>REQUIRED: A brief narrative summary of the data set.</abstract><purpose>REQUIRED: A summary of the intentions with which the data set was developed.</purpose></descript><timeperd><current>REQUIRED: The basis on which the time period of content information is determined.</current><timeinfo><sngdate><caldate>REQUIRED: The year (and optionally month, or month and day) for which the data set corresponds to the ground.</caldate></sngdate></timeinfo></timeperd><status><progress>REQUIRED: The state of the data set.</progress><update>REQUIRED: The frequency with which changes and additions are made to the data set after the initial data set is completed.</update></status><spdom><bounding><westbc Sync="TRUE">19.222716</westbc><eastbc Sync="TRUE">21.024597</eastbc><northbc Sync="TRUE">42.597452</northbc><southbc Sync="TRUE">39.655678</southbc></bounding><lboundng><leftbc Sync="TRUE">4354099.518185</leftbc><rightbc Sync="TRUE">4502018.703759</rightbc><bottombc Sync="TRUE">4392757.713393</bottombc><topbc Sync="TRUE">4718084.634588</topbc></lboundng></spdom><keywords><theme><themekt>REQUIRED: Reference to a formally registered thesaurus or a similar authoritative source of theme keywords.</themekt><themekey>REQUIRED: Common-use word or phrase used to describe the subject of the data set.</themekey></theme></keywords><accconst>REQUIRED: Restrictions and legal prerequisites for accessing the data set.</accconst><useconst>REQUIRED: Restrictions and legal prerequisites for using the data set after access is granted.</useconst><natvform Sync="TRUE">Shapefile</natvform></idinfo><distInfo><distributor><distorTran><onLineSrc><linkage>http://tpginc.ne/gis/albania</linkage><protocol>http:</protocol><orDesc Sync="TRUE">002</orDesc><orFunct><OnFunctCd value="001"></OnFunctCd></orFunct></onLineSrc><transSize Sync="TRUE">0.000</transSize></distorTran><distorFormat><formatName Sync="TRUE">Shapefile</formatName><formatVer>zip file</formatVer></distorFormat><distorCont><rpIndName>website</rpIndName><rpOrgName>The Pineridge Group, Inc.</rpOrgName><rpPosName>none</rpPosName><role><RoleCd value="001"></RoleCd></role></distorCont><distorOrdPrc><resFees>This data is in the public domain.</resFees></distorOrdPrc></distributor></distInfo><dataqual><lineage><procstep><procdesc Sync="TRUE">Dataset copied.</procdesc><srcused Sync="TRUE">C:\temp\Villages_New</srcused><date Sync="TRUE">20051209</date><time Sync="TRUE">13411900</time></procstep></lineage></dataqual><dataIdInfo><envirDesc Sync="TRUE">Microsoft Windows XP Version 5.1 (Build 2600) Service Pack 2; ESRI ArcCatalog 9.1.0.722</envirDesc><dataLang><languageCode Sync="TRUE" value="en"></languageCode></dataLang><idCitation><resTitle Sync="TRUE">Villages</resTitle><presForm><PresFormCd Sync="TRUE" value="005"></PresFormCd></presForm><resRefDate><refDate>20070930</refDate><refDateType><DateTypCd value="001"></DateTypCd></refDateType></resRefDate></idCitation><spatRpType><SpatRepTypCd Sync="TRUE" value="001"></SpatRepTypCd></spatRpType><dataExt><geoEle><GeoBndBox esriExtentType="native"><westBL Sync="TRUE">4354099.518185</westBL><eastBL Sync="TRUE">4502018.703759</eastBL><northBL Sync="TRUE">4718084.634588</northBL><southBL Sync="TRUE">4392757.713393</southBL><exTypeCode Sync="TRUE">1</exTypeCode></GeoBndBox></geoEle></dataExt><geoBox esriExtentType="decdegrees"><westBL Sync="TRUE">19.222716</westBL><eastBL Sync="TRUE">21.024597</eastBL><northBL Sync="TRUE">42.597452</northBL><southBL Sync="TRUE">39.655678</southBL><exTypeCode Sync="TRUE">1</exTypeCode></geoBox><tpCat><TopicCatCd value="005"></TopicCatCd></tpCat><idAbs>This data set contains the cities, towns and villages of Albania.  Included in the data set is the 2005 population information.</idAbs></dataIdInfo><metainfo><langmeta Sync="TRUE">en</langmeta><metstdn Sync="TRUE">FGDC Content Standards for Digital Geospatial Metadata</metstdn><metstdv Sync="TRUE">FGDC-STD-001-1998</metstdv><mettc Sync="TRUE">local time</mettc><metc><cntinfo><cntorgp><cntper>REQUIRED: The person responsible for the metadata information.</cntper><cntorg>REQUIRED: The organization responsible for the metadata information.</cntorg></cntorgp><cntaddr><addrtype>REQUIRED: The mailing and/or physical address for the organization or individual.</addrtype><city>REQUIRED: The city of the address.</city><state>REQUIRED: The state or province of the address.</state><postal>REQUIRED: The ZIP or other postal code of the address.</postal></cntaddr><cntvoice>REQUIRED: The telephone number by which individuals can speak to the organization or individual.</cntvoice></cntinfo></metc><metd Sync="TRUE">20071002</metd><metextns><onlink Sync="TRUE">http://www.esri.com/metadata/esriprof80.html</onlink><metprof Sync="TRUE">ESRI Metadata Profile</metprof></metextns></metainfo><mdLang><languageCode Sync="TRUE" value="en"></languageCode></mdLang><mdStanName Sync="TRUE">ISO 19115 Geographic Information - Metadata</mdStanName><mdStanVer Sync="TRUE">DIS_ESRI1.0</mdStanVer><mdChar><CharSetCd Sync="TRUE" value="004"></CharSetCd></mdChar><mdHrLv><ScopeCd Sync="TRUE" value="005"></ScopeCd></mdHrLv><mdHrLvName Sync="TRUE">dataset</mdHrLvName><distinfo><resdesc Sync="TRUE">Downloadable Data</resdesc><stdorder><digform><digtinfo><transize Sync="TRUE">0.000</transize><dssize Sync="TRUE">0.000</dssize></digtinfo></digform></stdorder></distinfo><spdoinfo><direct Sync="TRUE">Vector</direct><ptvctinf><esriterm Name="Villages"><efeatyp Sync="TRUE">Simple</efeatyp><efeageom Sync="TRUE">Point</efeageom><esritopo Sync="TRUE">FALSE</esritopo><efeacnt Sync="TRUE">0</efeacnt><spindex Sync="TRUE">FALSE</spindex><linrefer Sync="TRUE">FALSE</linrefer></esriterm><sdtsterm Name="Villages"><sdtstype Sync="TRUE">Entity point</sdtstype><ptvctcnt Sync="TRUE">0</ptvctcnt></sdtsterm></ptvctinf></spdoinfo><spref><horizsys><cordsysn><geogcsn Sync="TRUE">GCS_Albanian_1987</geogcsn><projcsn Sync="TRUE">Albanian_1987_GK_Zone_4</projcsn></cordsysn><planar><planci><plance Sync="TRUE">coordinate pair</plance><plandu Sync="TRUE">meters</plandu><coordrep><absres Sync="TRUE">0.000159</absres><ordres Sync="TRUE">0.000159</ordres></coordrep></planci><mapproj><mapprojn Sync="TRUE">Transverse Mercator</mapprojn><transmer><sfctrmer Sync="TRUE">1.000000</sfctrmer><longcm Sync="TRUE">21.000000</longcm><latprjo Sync="TRUE">0.000000</latprjo><feast Sync="TRUE">4500000.000000</feast><fnorth Sync="TRUE">0.000000</fnorth></transmer></mapproj></planar><geodetic><horizdn Sync="TRUE">D_Albanian_1987</horizdn><ellips Sync="TRUE">Krasovsky_1940</ellips><semiaxis Sync="TRUE">6378245.000000</semiaxis><denflat Sync="TRUE">298.300000</denflat></geodetic></horizsys><vertdef><altsys><altenc Sync="TRUE">Explicit elevation coordinate included with horizontal coordinates</altenc><altres Sync="TRUE">0.001000</altres></altsys></vertdef></spref><refSysInfo><RefSystem><refSysID><identCode Sync="TRUE">Albanian_1987_GK_Zone_4</identCode></refSysID></RefSystem></refSysInfo><spatRepInfo><VectSpatRep><topLvl><TopoLevCd Sync="TRUE" value="001"></TopoLevCd></topLvl><geometObjs Name="Villages"><geoObjTyp><GeoObjTypCd Sync="TRUE" value="004"></GeoObjTypCd></geoObjTyp><geoObjCnt Sync="TRUE">0</geoObjCnt></geometObjs></VectSpatRep></spatRepInfo><eainfo><detailed Name="Villages"><attr><attrlabl Sync="TRUE">Pop05</attrlabl><attalias Sync="TRUE">Pop05</attalias><attrtype Sync="TRUE">Number</attrtype><attwidth Sync="TRUE">9</attwidth></attr><attr><attrlabl Sync="TRUE">Access_SDP</attrlabl><attalias Sync="TRUE">Access_SDP</attalias><attrtype Sync="TRUE">String</attrtype><attwidth Sync="TRUE">15</attwidth></attr><enttyp><enttypl Sync="TRUE">Villages</enttypl><enttypt Sync="TRUE">Feature Class</enttypt><enttypc Sync="TRUE">0</enttypc></enttyp><attr><attrlabl Sync="TRUE">Shape</attrlabl><attalias Sync="TRUE">Shape</attalias><attrtype Sync="TRUE">String</attrtype><attwidth Sync="TRUE">254</attwidth><attrdef Sync="TRUE">Feature geometry.</attrdef><attrdefs Sync="TRUE">ESRI</attrdefs><attrdomv><udom Sync="TRUE">Coordinates defining the features.</udom></attrdomv></attr><attr><attrlabl Sync="TRUE">NAME</attrlabl><attalias Sync="TRUE">NAME</attalias><attrtype Sync="TRUE">String</attrtype><attwidth Sync="TRUE">254</attwidth></attr><attr><attrlabl Sync="TRUE">TYPE</attrlabl><attalias Sync="TRUE">TYPE</attalias><attrtype Sync="TRUE">Number</attrtype><attwidth Sync="TRUE">9</attwidth></attr><attr><attrlabl Sync="TRUE">COM_ID</attrlabl><attalias Sync="TRUE">COM_ID</attalias><attrtype Sync="TRUE">String</attrtype><attwidth Sync="TRUE">19</attwidth></attr><attr><attrlabl Sync="TRUE">COMMUN_NAM</attrlabl><attalias Sync="TRUE">COMMUN_NAM</attalias><attrtype Sync="TRUE">String</attrtype><attwidth Sync="TRUE">19</attwidth></attr><attr><attrlabl Sync="TRUE">ADMINSTATE</attrlabl><attalias Sync="TRUE">ADMINSTATE</attalias><attrtype Sync="TRUE">String</attrtype><attwidth Sync="TRUE">14</attwidth></attr><attr><attrlabl Sync="TRUE">DISTRICT</attrlabl><attalias Sync="TRUE">DISTRICT</attalias><attrtype Sync="TRUE">Number</attrtype><attwidth Sync="TRUE">9</attwidth></attr><attr><attrlabl Sync="TRUE">DIS_ID</attrlabl><attalias Sync="TRUE">DIS_ID</attalias><attrtype Sync="TRUE">Number</attrtype><attwidth Sync="TRUE">9</attwidth></attr><attr><attrlabl Sync="TRUE">PRE_ID</attrlabl><attalias Sync="TRUE">PRE_ID</attalias><attrtype Sync="TRUE">String</attrtype><attwidth Sync="TRUE">35</attwidth></attr><attr><attrlabl Sync="TRUE">PREFECTURE</attrlabl><attalias Sync="TRUE">PREFECTURE</attalias><attrtype Sync="TRUE">Float</attrtype><attwidth Sync="TRUE">19</attwidth><atnumdec Sync="TRUE">11</atnumdec></attr><attr><attrlabl Sync="TRUE">VILL_ID</attrlabl><attalias Sync="TRUE">VILL_ID</attalias><attrtype Sync="TRUE">Number</attrtype><attwidth Sync="TRUE">9</attwidth></attr><attr><attrlabl Sync="TRUE">FID</attrlabl><attalias Sync="TRUE">FID</attalias><attrtype Sync="TRUE">String</attrtype><attwidth Sync="TRUE">15</attwidth><attrdef Sync="TRUE">Internal feature number.</attrdef><attrdefs Sync="TRUE">ESRI</attrdefs><attrdomv><udom Sync="TRUE">Sequential unique whole numbers that are automatically generated.</udom></attrdomv></attr></detailed></eainfo><mdDateSt Sync="TRUE">20071002</mdDateSt><mdContact><rpIndName>Criss Swaim</rpIndName><rpOrgName>Peace Corps</rpOrgName><rpPosName>Volunteer</rpPosName><role><RoleCd value="006"></RoleCd></role></mdContact></metadata>
